Reference tree	Other tree	Symmetric difference	Euclidean distance	Robinson-Foulds distance
inputs/asymmetric_2.0/asymmetric_2.0.tree	outputs/asymmetric_2.0/s001.align.1.tree	18	205.665826635	716.17635
inputs/asymmetric_2.0/asymmetric_2.0.tree	outputs/asymmetric_2.0/s002.align.1.tree	22	205.812365055	717.29527
inputs/asymmetric_2.0/asymmetric_2.0.tree	outputs/asymmetric_2.0/s003.align.1.tree	18	205.816433153	716.75296
inputs/asymmetric_2.0/asymmetric_2.0.tree	outputs/asymmetric_2.0/s004.align.1.tree	24	205.700048827	717.46433
inputs/asymmetric_2.0/asymmetric_2.0.tree	outputs/asymmetric_2.0/s005.align.1.tree	22	205.909091961	717.27987
inputs/asymmetric_2.0/asymmetric_2.0.tree	outputs/asymmetric_2.0/s006.align.1.tree	24	205.806863714	717.48646
inputs/asymmetric_2.0/asymmetric_2.0.tree	outputs/asymmetric_2.0/s007.align.1.tree	22	205.702276326	716.86145
inputs/asymmetric_2.0/asymmetric_2.0.tree	outputs/asymmetric_2.0/s008.align.1.tree	12	205.653817351	716.31948
inputs/asymmetric_2.0/asymmetric_2.0.tree	outputs/asymmetric_2.0/s009.align.1.tree	26	205.79910787	717.84505
inputs/asymmetric_2.0/asymmetric_2.0.tree	outputs/asymmetric_2.0/s010.align.1.tree	16	205.706143204	717.02278
inputs/asymmetric_2.0/asymmetric_2.0.tree	outputs/asymmetric_2.0/s011.align.1.tree	10	205.730577248	716.45952
inputs/asymmetric_2.0/asymmetric_2.0.tree	outputs/asymmetric_2.0/s012.align.1.tree	24	205.65068662	716.67161
inputs/asymmetric_2.0/asymmetric_2.0.tree	outputs/asymmetric_2.0/s013.align.1.tree	24	205.851437686	717.35516
inputs/asymmetric_2.0/asymmetric_2.0.tree	outputs/asymmetric_2.0/s014.align.1.tree	26	205.695193552	717.17547
inputs/asymmetric_2.0/asymmetric_2.0.tree	outputs/asymmetric_2.0/s015.align.1.tree	26	205.674514912	717.19288
inputs/asymmetric_2.0/asymmetric_2.0.tree	outputs/asymmetric_2.0/s016.align.1.tree	22	205.858079847	717.62846
inputs/asymmetric_2.0/asymmetric_2.0.tree	outputs/asymmetric_2.0/s017.align.1.tree	20	205.763349289	717.0679
inputs/asymmetric_2.0/asymmetric_2.0.tree	outputs/asymmetric_2.0/s018.align.1.tree	16	205.757184892	716.64023
inputs/asymmetric_2.0/asymmetric_2.0.tree	outputs/asymmetric_2.0/s019.align.1.tree	20	205.717610352	716.71694
inputs/asymmetric_2.0/asymmetric_2.0.tree	outputs/asymmetric_2.0/s020.align.1.tree	22	205.632906597	716.91176
inputs/asymmetric_2.0/asymmetric_2.0.tree	outputs/asymmetric_2.0/s021.align.1.tree	26	205.652700041	716.69554
inputs/asymmetric_2.0/asymmetric_2.0.tree	outputs/asymmetric_2.0/s022.align.1.tree	26	205.736742929	717.17893
inputs/asymmetric_2.0/asymmetric_2.0.tree	outputs/asymmetric_2.0/s023.align.1.tree	26	205.710198452	716.93352
inputs/asymmetric_2.0/asymmetric_2.0.tree	outputs/asymmetric_2.0/s024.align.1.tree	24	205.640851665	717.19229
inputs/asymmetric_2.0/asymmetric_2.0.tree	outputs/asymmetric_2.0/s025.align.1.tree	24	205.714360298	716.92569
inputs/asymmetric_2.0/asymmetric_2.0.tree	outputs/asymmetric_2.0/s026.align.1.tree	20	205.618414025	716.22749
inputs/asymmetric_2.0/asymmetric_2.0.tree	outputs/asymmetric_2.0/s027.align.1.tree	24	205.762710567	717.12961
inputs/asymmetric_2.0/asymmetric_2.0.tree	outputs/asymmetric_2.0/s028.align.1.tree	22	205.817910218	717.05185
inputs/asymmetric_2.0/asymmetric_2.0.tree	outputs/asymmetric_2.0/s029.align.1.tree	16	205.503157396	716.42943
inputs/asymmetric_2.0/asymmetric_2.0.tree	outputs/asymmetric_2.0/s030.align.1.tree	24	205.683140381	717.13775
inputs/asymmetric_2.0/asymmetric_2.0.tree	outputs/asymmetric_2.0/s031.align.1.tree	20	205.58580166	716.37814
inputs/asymmetric_2.0/asymmetric_2.0.tree	outputs/asymmetric_2.0/s032.align.1.tree	20	205.717145363	716.57691
inputs/asymmetric_2.0/asymmetric_2.0.tree	outputs/asymmetric_2.0/s033.align.1.tree	24	205.756670071	716.89002
inputs/asymmetric_2.0/asymmetric_2.0.tree	outputs/asymmetric_2.0/s034.align.1.tree	26	205.723098469	717.32744
inputs/asymmetric_2.0/asymmetric_2.0.tree	outputs/asymmetric_2.0/s035.align.1.tree	18	205.703547704	716.41764
inputs/asymmetric_2.0/asymmetric_2.0.tree	outputs/asymmetric_2.0/s036.align.1.tree	26	205.809181503	717.10494
inputs/asymmetric_2.0/asymmetric_2.0.tree	outputs/asymmetric_2.0/s037.align.1.tree	22	205.797365275	717.41577
inputs/asymmetric_2.0/asymmetric_2.0.tree	outputs/asymmetric_2.0/s038.align.1.tree	24	205.610624075	716.56345
inputs/asymmetric_2.0/asymmetric_2.0.tree	outputs/asymmetric_2.0/s039.align.1.tree	26	205.827960188	717.29583
inputs/asymmetric_2.0/asymmetric_2.0.tree	outputs/asymmetric_2.0/s040.align.1.tree	24	205.808571954	717.29587
inputs/asymmetric_2.0/asymmetric_2.0.tree	outputs/asymmetric_2.0/s041.align.1.tree	20	205.786357439	717.27752
inputs/asymmetric_2.0/asymmetric_2.0.tree	outputs/asymmetric_2.0/s042.align.1.tree	18	205.73454221	716.77801
inputs/asymmetric_2.0/asymmetric_2.0.tree	outputs/asymmetric_2.0/s043.align.1.tree	24	205.810768563	717.19427
inputs/asymmetric_2.0/asymmetric_2.0.tree	outputs/asymmetric_2.0/s044.align.1.tree	18	205.834882512	717.27825
inputs/asymmetric_2.0/asymmetric_2.0.tree	outputs/asymmetric_2.0/s045.align.1.tree	16	205.832359378	717.01367
inputs/asymmetric_2.0/asymmetric_2.0.tree	outputs/asymmetric_2.0/s046.align.1.tree	22	205.813536947	717.16978
inputs/asymmetric_2.0/asymmetric_2.0.tree	outputs/asymmetric_2.0/s047.align.1.tree	26	205.939129388	717.83905
inputs/asymmetric_2.0/asymmetric_2.0.tree	outputs/asymmetric_2.0/s048.align.1.tree	26	205.844261489	717.44435
inputs/asymmetric_2.0/asymmetric_2.0.tree	outputs/asymmetric_2.0/s049.align.1.tree	20	205.825276075	717.21171
inputs/asymmetric_2.0/asymmetric_2.0.tree	outputs/asymmetric_2.0/s050.align.1.tree	26	205.663193912	716.94364
inputs/asymmetric_2.0/asymmetric_2.0.tree	outputs/asymmetric_2.0/s051.align.1.tree	26	205.822683123	717.26195
inputs/asymmetric_2.0/asymmetric_2.0.tree	outputs/asymmetric_2.0/s052.align.1.tree	20	205.837866183	717.16264
inputs/asymmetric_2.0/asymmetric_2.0.tree	outputs/asymmetric_2.0/s053.align.1.tree	26	205.726281106	716.98677
inputs/asymmetric_2.0/asymmetric_2.0.tree	outputs/asymmetric_2.0/s054.align.1.tree	12	205.624913951	716.24161
inputs/asymmetric_2.0/asymmetric_2.0.tree	outputs/asymmetric_2.0/s055.align.1.tree	22	205.423418102	716.16199
inputs/asymmetric_2.0/asymmetric_2.0.tree	outputs/asymmetric_2.0/s056.align.1.tree	24	205.763033511	717.10918
inputs/asymmetric_2.0/asymmetric_2.0.tree	outputs/asymmetric_2.0/s057.align.1.tree	22	205.702937718	717.15367
inputs/asymmetric_2.0/asymmetric_2.0.tree	outputs/asymmetric_2.0/s058.align.1.tree	24	205.942702827	717.51035
inputs/asymmetric_2.0/asymmetric_2.0.tree	outputs/asymmetric_2.0/s059.align.1.tree	16	205.686135653	716.60891
inputs/asymmetric_2.0/asymmetric_2.0.tree	outputs/asymmetric_2.0/s060.align.1.tree	26	205.705351403	717.04504
inputs/asymmetric_2.0/asymmetric_2.0.tree	outputs/asymmetric_2.0/s061.align.1.tree	14	205.779906681	716.73159
inputs/asymmetric_2.0/asymmetric_2.0.tree	outputs/asymmetric_2.0/s062.align.1.tree	24	205.833624137	716.86613
inputs/asymmetric_2.0/asymmetric_2.0.tree	outputs/asymmetric_2.0/s063.align.1.tree	22	205.766019151	717.08692
inputs/asymmetric_2.0/asymmetric_2.0.tree	outputs/asymmetric_2.0/s064.align.1.tree	24	205.664312397	716.80566
inputs/asymmetric_2.0/asymmetric_2.0.tree	outputs/asymmetric_2.0/s065.align.1.tree	24	205.862278458	717.45306
inputs/asymmetric_2.0/asymmetric_2.0.tree	outputs/asymmetric_2.0/s066.align.1.tree	20	205.890934105	717.54987
inputs/asymmetric_2.0/asymmetric_2.0.tree	outputs/asymmetric_2.0/s067.align.1.tree	20	205.748505446	716.72376
inputs/asymmetric_2.0/asymmetric_2.0.tree	outputs/asymmetric_2.0/s068.align.1.tree	22	205.776508694	717.37937
inputs/asymmetric_2.0/asymmetric_2.0.tree	outputs/asymmetric_2.0/s069.align.1.tree	20	205.754225264	716.96595
inputs/asymmetric_2.0/asymmetric_2.0.tree	outputs/asymmetric_2.0/s070.align.1.tree	24	205.717842844	717.14456
inputs/asymmetric_2.0/asymmetric_2.0.tree	outputs/asymmetric_2.0/s071.align.1.tree	26	205.749577612	717.09437
inputs/asymmetric_2.0/asymmetric_2.0.tree	outputs/asymmetric_2.0/s072.align.1.tree	20	205.71018069	716.78863
inputs/asymmetric_2.0/asymmetric_2.0.tree	outputs/asymmetric_2.0/s073.align.1.tree	22	205.666472071	716.86525
inputs/asymmetric_2.0/asymmetric_2.0.tree	outputs/asymmetric_2.0/s074.align.1.tree	20	205.677028296	717.25867
inputs/asymmetric_2.0/asymmetric_2.0.tree	outputs/asymmetric_2.0/s075.align.1.tree	22	205.92272746	717.50428
inputs/asymmetric_2.0/asymmetric_2.0.tree	outputs/asymmetric_2.0/s076.align.1.tree	22	205.6973073	716.63908
inputs/asymmetric_2.0/asymmetric_2.0.tree	outputs/asymmetric_2.0/s077.align.1.tree	16	205.745412512	716.70447
inputs/asymmetric_2.0/asymmetric_2.0.tree	outputs/asymmetric_2.0/s078.align.1.tree	22	205.635201121	717.16256
inputs/asymmetric_2.0/asymmetric_2.0.tree	outputs/asymmetric_2.0/s079.align.1.tree	22	205.720943126	716.7945
inputs/asymmetric_2.0/asymmetric_2.0.tree	outputs/asymmetric_2.0/s080.align.1.tree	26	205.794853372	717.09776
inputs/asymmetric_2.0/asymmetric_2.0.tree	outputs/asymmetric_2.0/s081.align.1.tree	24	205.84406848	717.69397
inputs/asymmetric_2.0/asymmetric_2.0.tree	outputs/asymmetric_2.0/s082.align.1.tree	26	205.755711315	717.22174
inputs/asymmetric_2.0/asymmetric_2.0.tree	outputs/asymmetric_2.0/s083.align.1.tree	22	205.773894019	717.30764
inputs/asymmetric_2.0/asymmetric_2.0.tree	outputs/asymmetric_2.0/s084.align.1.tree	10	205.724849386	716.56131
inputs/asymmetric_2.0/asymmetric_2.0.tree	outputs/asymmetric_2.0/s085.align.1.tree	24	205.617482618	716.65355
inputs/asymmetric_2.0/asymmetric_2.0.tree	outputs/asymmetric_2.0/s086.align.1.tree	20	205.828349074	717.36767
inputs/asymmetric_2.0/asymmetric_2.0.tree	outputs/asymmetric_2.0/s087.align.1.tree	26	205.83194651	717.51609
inputs/asymmetric_2.0/asymmetric_2.0.tree	outputs/asymmetric_2.0/s088.align.1.tree	22	205.696296141	716.67464
inputs/asymmetric_2.0/asymmetric_2.0.tree	outputs/asymmetric_2.0/s089.align.1.tree	26	205.778949846	717.28924
inputs/asymmetric_2.0/asymmetric_2.0.tree	outputs/asymmetric_2.0/s090.align.1.tree	20	205.532226473	716.81583
inputs/asymmetric_2.0/asymmetric_2.0.tree	outputs/asymmetric_2.0/s091.align.1.tree	26	205.843661693	717.33399
inputs/asymmetric_2.0/asymmetric_2.0.tree	outputs/asymmetric_2.0/s092.align.1.tree	24	205.810300786	717.43907
inputs/asymmetric_2.0/asymmetric_2.0.tree	outputs/asymmetric_2.0/s093.align.1.tree	24	205.848363663	717.36188
inputs/asymmetric_2.0/asymmetric_2.0.tree	outputs/asymmetric_2.0/s094.align.1.tree	22	205.765799313	717.03234
inputs/asymmetric_2.0/asymmetric_2.0.tree	outputs/asymmetric_2.0/s095.align.1.tree	18	205.740789988	716.94642
inputs/asymmetric_2.0/asymmetric_2.0.tree	outputs/asymmetric_2.0/s096.align.1.tree	18	205.722362796	716.74315
inputs/asymmetric_2.0/asymmetric_2.0.tree	outputs/asymmetric_2.0/s097.align.1.tree	20	205.821530627	717.14346
inputs/asymmetric_2.0/asymmetric_2.0.tree	outputs/asymmetric_2.0/s098.align.1.tree	16	205.770854456	716.77891
inputs/asymmetric_2.0/asymmetric_2.0.tree	outputs/asymmetric_2.0/s099.align.1.tree	26	205.863208202	717.55852
inputs/asymmetric_2.0/asymmetric_2.0.tree	outputs/asymmetric_2.0/s100.align.1.tree	24	205.733883244	716.73214
inputs/asymmetric_2.0/asymmetric_2.0.tree	outputs/asymmetric_2.0/s101.align.1.tree	16	205.77057257	717.06858
inputs/asymmetric_2.0/asymmetric_2.0.tree	outputs/asymmetric_2.0/s102.align.1.tree	22	205.793993972	716.92101
inputs/asymmetric_2.0/asymmetric_2.0.tree	outputs/asymmetric_2.0/s103.align.1.tree	18	205.865928456	717.25533
inputs/asymmetric_2.0/asymmetric_2.0.tree	outputs/asymmetric_2.0/s104.align.1.tree	22	205.831984354	717.14559
inputs/asymmetric_2.0/asymmetric_2.0.tree	outputs/asymmetric_2.0/s105.align.1.tree	24	205.757766993	716.98993
inputs/asymmetric_2.0/asymmetric_2.0.tree	outputs/asymmetric_2.0/s106.align.1.tree	24	205.868247608	717.33346
inputs/asymmetric_2.0/asymmetric_2.0.tree	outputs/asymmetric_2.0/s107.align.1.tree	22	205.798210331	717.24837
inputs/asymmetric_2.0/asymmetric_2.0.tree	outputs/asymmetric_2.0/s108.align.1.tree	24	205.851755725	717.10909
inputs/asymmetric_2.0/asymmetric_2.0.tree	outputs/asymmetric_2.0/s109.align.1.tree	24	205.728945529	716.8354
inputs/asymmetric_2.0/asymmetric_2.0.tree	outputs/asymmetric_2.0/s110.align.1.tree	24	205.590857913	716.77828
inputs/asymmetric_2.0/asymmetric_2.0.tree	outputs/asymmetric_2.0/s111.align.1.tree	22	205.669708728	716.82046
inputs/asymmetric_2.0/asymmetric_2.0.tree	outputs/asymmetric_2.0/s112.align.1.tree	26	205.865470633	717.44872
inputs/asymmetric_2.0/asymmetric_2.0.tree	outputs/asymmetric_2.0/s113.align.1.tree	18	205.653053756	716.92617
inputs/asymmetric_2.0/asymmetric_2.0.tree	outputs/asymmetric_2.0/s114.align.1.tree	16	205.748679511	716.69011
inputs/asymmetric_2.0/asymmetric_2.0.tree	outputs/asymmetric_2.0/s115.align.1.tree	16	205.772148692	716.50259
inputs/asymmetric_2.0/asymmetric_2.0.tree	outputs/asymmetric_2.0/s116.align.1.tree	26	205.651516288	717.15443
inputs/asymmetric_2.0/asymmetric_2.0.tree	outputs/asymmetric_2.0/s117.align.1.tree	22	205.832639206	716.99813
inputs/asymmetric_2.0/asymmetric_2.0.tree	outputs/asymmetric_2.0/s118.align.1.tree	16	205.699125859	716.73268
inputs/asymmetric_2.0/asymmetric_2.0.tree	outputs/asymmetric_2.0/s119.align.1.tree	26	205.701774938	717.19189
inputs/asymmetric_2.0/asymmetric_2.0.tree	outputs/asymmetric_2.0/s120.align.1.tree	22	205.771376136	717.32433
inputs/asymmetric_2.0/asymmetric_2.0.tree	outputs/asymmetric_2.0/s121.align.1.tree	26	205.823415327	717.90706
inputs/asymmetric_2.0/asymmetric_2.0.tree	outputs/asymmetric_2.0/s122.align.1.tree	16	205.763603313	716.73022
inputs/asymmetric_2.0/asymmetric_2.0.tree	outputs/asymmetric_2.0/s123.align.1.tree	22	205.723121522	716.88013
inputs/asymmetric_2.0/asymmetric_2.0.tree	outputs/asymmetric_2.0/s124.align.1.tree	26	205.634288097	716.89819
inputs/asymmetric_2.0/asymmetric_2.0.tree	outputs/asymmetric_2.0/s125.align.1.tree	24	205.778878641	717.36484
inputs/asymmetric_2.0/asymmetric_2.0.tree	outputs/asymmetric_2.0/s126.align.1.tree	18	205.742612627	716.7408
inputs/asymmetric_2.0/asymmetric_2.0.tree	outputs/asymmetric_2.0/s127.align.1.tree	24	205.750751972	717.27476
inputs/asymmetric_2.0/asymmetric_2.0.tree	outputs/asymmetric_2.0/s128.align.1.tree	14	205.681982012	716.63309
inputs/asymmetric_2.0/asymmetric_2.0.tree	outputs/asymmetric_2.0/s129.align.1.tree	24	205.666831075	717.32194
inputs/asymmetric_2.0/asymmetric_2.0.tree	outputs/asymmetric_2.0/s130.align.1.tree	24	205.859758569	717.45645
inputs/asymmetric_2.0/asymmetric_2.0.tree	outputs/asymmetric_2.0/s131.align.1.tree	24	205.580930062	716.58022
inputs/asymmetric_2.0/asymmetric_2.0.tree	outputs/asymmetric_2.0/s132.align.1.tree	24	205.801104704	717.36319
inputs/asymmetric_2.0/asymmetric_2.0.tree	outputs/asymmetric_2.0/s133.align.1.tree	22	205.828844358	717.04013
inputs/asymmetric_2.0/asymmetric_2.0.tree	outputs/asymmetric_2.0/s134.align.1.tree	26	205.779955599	717.07556
inputs/asymmetric_2.0/asymmetric_2.0.tree	outputs/asymmetric_2.0/s135.align.1.tree	20	205.682887156	716.88641
inputs/asymmetric_2.0/asymmetric_2.0.tree	outputs/asymmetric_2.0/s136.align.1.tree	16	205.763517641	716.87703
inputs/asymmetric_2.0/asymmetric_2.0.tree	outputs/asymmetric_2.0/s137.align.1.tree	26	205.897547793	717.65154
inputs/asymmetric_2.0/asymmetric_2.0.tree	outputs/asymmetric_2.0/s138.align.1.tree	24	205.653962182	716.70756
inputs/asymmetric_2.0/asymmetric_2.0.tree	outputs/asymmetric_2.0/s139.align.1.tree	18	205.722341154	717.13803
inputs/asymmetric_2.0/asymmetric_2.0.tree	outputs/asymmetric_2.0/s140.align.1.tree	24	205.838298242	717.18386
inputs/asymmetric_2.0/asymmetric_2.0.tree	outputs/asymmetric_2.0/s141.align.1.tree	24	205.721863362	717.32907
inputs/asymmetric_2.0/asymmetric_2.0.tree	outputs/asymmetric_2.0/s142.align.1.tree	20	205.698366085	716.45022
inputs/asymmetric_2.0/asymmetric_2.0.tree	outputs/asymmetric_2.0/s143.align.1.tree	24	205.688837263	717.36571
inputs/asymmetric_2.0/asymmetric_2.0.tree	outputs/asymmetric_2.0/s144.align.1.tree	26	205.5892664	716.58112
inputs/asymmetric_2.0/asymmetric_2.0.tree	outputs/asymmetric_2.0/s145.align.1.tree	22	205.781273892	717.50317
inputs/asymmetric_2.0/asymmetric_2.0.tree	outputs/asymmetric_2.0/s146.align.1.tree	22	205.742513994	716.80037
inputs/asymmetric_2.0/asymmetric_2.0.tree	outputs/asymmetric_2.0/s147.align.1.tree	26	205.775684394	717.15376
inputs/asymmetric_2.0/asymmetric_2.0.tree	outputs/asymmetric_2.0/s148.align.1.tree	26	205.807924215	717.51491
inputs/asymmetric_2.0/asymmetric_2.0.tree	outputs/asymmetric_2.0/s149.align.1.tree	14	205.781955674	716.69971
inputs/asymmetric_2.0/asymmetric_2.0.tree	outputs/asymmetric_2.0/s150.align.1.tree	26	205.73976424	717.02089
inputs/asymmetric_2.0/asymmetric_2.0.tree	outputs/asymmetric_2.0/s151.align.1.tree	20	205.754249097	717.09986
inputs/asymmetric_2.0/asymmetric_2.0.tree	outputs/asymmetric_2.0/s152.align.1.tree	16	205.803016245	716.76881
inputs/asymmetric_2.0/asymmetric_2.0.tree	outputs/asymmetric_2.0/s153.align.1.tree	22	205.820023759	717.24422
inputs/asymmetric_2.0/asymmetric_2.0.tree	outputs/asymmetric_2.0/s154.align.1.tree	26	205.631323287	717.24155
inputs/asymmetric_2.0/asymmetric_2.0.tree	outputs/asymmetric_2.0/s155.align.1.tree	24	205.701895216	716.87314
inputs/asymmetric_2.0/asymmetric_2.0.tree	outputs/asymmetric_2.0/s156.align.1.tree	22	205.676387789	716.77022
inputs/asymmetric_2.0/asymmetric_2.0.tree	outputs/asymmetric_2.0/s157.align.1.tree	12	205.7005309	716.71197
inputs/asymmetric_2.0/asymmetric_2.0.tree	outputs/asymmetric_2.0/s158.align.1.tree	20	205.615411251	716.49436
inputs/asymmetric_2.0/asymmetric_2.0.tree	outputs/asymmetric_2.0/s159.align.1.tree	18	205.679286141	716.40296
inputs/asymmetric_2.0/asymmetric_2.0.tree	outputs/asymmetric_2.0/s160.align.1.tree	22	205.774316624	716.69381
inputs/asymmetric_2.0/asymmetric_2.0.tree	outputs/asymmetric_2.0/s161.align.1.tree	26	205.756113582	717.11155
inputs/asymmetric_2.0/asymmetric_2.0.tree	outputs/asymmetric_2.0/s162.align.1.tree	20	205.707728262	716.75595
inputs/asymmetric_2.0/asymmetric_2.0.tree	outputs/asymmetric_2.0/s163.align.1.tree	18	205.64200043	716.62257
inputs/asymmetric_2.0/asymmetric_2.0.tree	outputs/asymmetric_2.0/s164.align.1.tree	18	205.704847972	716.69847
inputs/asymmetric_2.0/asymmetric_2.0.tree	outputs/asymmetric_2.0/s165.align.1.tree	22	205.850310084	717.10084
inputs/asymmetric_2.0/asymmetric_2.0.tree	outputs/asymmetric_2.0/s166.align.1.tree	20	205.687646531	716.93552
inputs/asymmetric_2.0/asymmetric_2.0.tree	outputs/asymmetric_2.0/s167.align.1.tree	22	205.847196704	717.50489
inputs/asymmetric_2.0/asymmetric_2.0.tree	outputs/asymmetric_2.0/s168.align.1.tree	22	205.707915887	716.69865
inputs/asymmetric_2.0/asymmetric_2.0.tree	outputs/asymmetric_2.0/s169.align.1.tree	24	205.692971109	716.8359
inputs/asymmetric_2.0/asymmetric_2.0.tree	outputs/asymmetric_2.0/s170.align.1.tree	16	205.869321425	717.27207
inputs/asymmetric_2.0/asymmetric_2.0.tree	outputs/asymmetric_2.0/s171.align.1.tree	22	205.638621002	717.04248
inputs/asymmetric_2.0/asymmetric_2.0.tree	outputs/asymmetric_2.0/s172.align.1.tree	24	205.860647609	717.35504
inputs/asymmetric_2.0/asymmetric_2.0.tree	outputs/asymmetric_2.0/s173.align.1.tree	24	205.736132089	717.15048
inputs/asymmetric_2.0/asymmetric_2.0.tree	outputs/asymmetric_2.0/s174.align.1.tree	26	205.920428105	717.82035
inputs/asymmetric_2.0/asymmetric_2.0.tree	outputs/asymmetric_2.0/s175.align.1.tree	18	205.693569593	716.31641
inputs/asymmetric_2.0/asymmetric_2.0.tree	outputs/asymmetric_2.0/s176.align.1.tree	18	205.645804233	716.28635
inputs/asymmetric_2.0/asymmetric_2.0.tree	outputs/asymmetric_2.0/s177.align.1.tree	22	205.57846461	716.71229
inputs/asymmetric_2.0/asymmetric_2.0.tree	outputs/asymmetric_2.0/s178.align.1.tree	26	205.802572525	717.67148
inputs/asymmetric_2.0/asymmetric_2.0.tree	outputs/asymmetric_2.0/s179.align.1.tree	22	205.596419015	716.49149
inputs/asymmetric_2.0/asymmetric_2.0.tree	outputs/asymmetric_2.0/s180.align.1.tree	14	205.74294233	716.41284
inputs/asymmetric_2.0/asymmetric_2.0.tree	outputs/asymmetric_2.0/s181.align.1.tree	22	205.661793979	716.86313
inputs/asymmetric_2.0/asymmetric_2.0.tree	outputs/asymmetric_2.0/s182.align.1.tree	22	205.667295282	716.7275
inputs/asymmetric_2.0/asymmetric_2.0.tree	outputs/asymmetric_2.0/s183.align.1.tree	26	205.921987346	718.03404
inputs/asymmetric_2.0/asymmetric_2.0.tree	outputs/asymmetric_2.0/s184.align.1.tree	22	205.75444037	717.22932
inputs/asymmetric_2.0/asymmetric_2.0.tree	outputs/asymmetric_2.0/s185.align.1.tree	22	205.703230312	716.6728
inputs/asymmetric_2.0/asymmetric_2.0.tree	outputs/asymmetric_2.0/s186.align.1.tree	22	205.906674108	717.07661
inputs/asymmetric_2.0/asymmetric_2.0.tree	outputs/asymmetric_2.0/s187.align.1.tree	16	205.627430729	716.70622
inputs/asymmetric_2.0/asymmetric_2.0.tree	outputs/asymmetric_2.0/s188.align.1.tree	20	205.667525482	716.71222
inputs/asymmetric_2.0/asymmetric_2.0.tree	outputs/asymmetric_2.0/s189.align.1.tree	26	205.877902317	717.7231
inputs/asymmetric_2.0/asymmetric_2.0.tree	outputs/asymmetric_2.0/s190.align.1.tree	26	205.842327497	717.20019
inputs/asymmetric_2.0/asymmetric_2.0.tree	outputs/asymmetric_2.0/s191.align.1.tree	22	205.750463811	716.78063
inputs/asymmetric_2.0/asymmetric_2.0.tree	outputs/asymmetric_2.0/s192.align.1.tree	20	205.706123199	716.42875
inputs/asymmetric_2.0/asymmetric_2.0.tree	outputs/asymmetric_2.0/s193.align.1.tree	16	205.77497669	716.71242
inputs/asymmetric_2.0/asymmetric_2.0.tree	outputs/asymmetric_2.0/s194.align.1.tree	26	205.804902751	717.38002
inputs/asymmetric_2.0/asymmetric_2.0.tree	outputs/asymmetric_2.0/s195.align.1.tree	22	205.780018599	716.98867
inputs/asymmetric_2.0/asymmetric_2.0.tree	outputs/asymmetric_2.0/s196.align.1.tree	20	205.662114643	716.59486
inputs/asymmetric_2.0/asymmetric_2.0.tree	outputs/asymmetric_2.0/s197.align.1.tree	24	205.722648709	716.87765
inputs/asymmetric_2.0/asymmetric_2.0.tree	outputs/asymmetric_2.0/s198.align.1.tree	20	205.801361398	716.92335
inputs/asymmetric_2.0/asymmetric_2.0.tree	outputs/asymmetric_2.0/s199.align.1.tree	24	205.885687717	717.46277
inputs/asymmetric_2.0/asymmetric_2.0.tree	outputs/asymmetric_2.0/s200.align.1.tree	26	205.717285289	717.33064
inputs/asymmetric_2.0/asymmetric_2.0.tree	outputs/asymmetric_2.0/s201.align.1.tree	14	205.842287664	716.88253
inputs/asymmetric_2.0/asymmetric_2.0.tree	outputs/asymmetric_2.0/s202.align.1.tree	22	205.718810332	716.90325
inputs/asymmetric_2.0/asymmetric_2.0.tree	outputs/asymmetric_2.0/s203.align.1.tree	22	205.856056919	717.17406
inputs/asymmetric_2.0/asymmetric_2.0.tree	outputs/asymmetric_2.0/s204.align.1.tree	24	205.768364984	717.24358
inputs/asymmetric_2.0/asymmetric_2.0.tree	outputs/asymmetric_2.0/s205.align.1.tree	20	205.819893589	717.02551
inputs/asymmetric_2.0/asymmetric_2.0.tree	outputs/asymmetric_2.0/s206.align.1.tree	14	205.697425324	716.42243
inputs/asymmetric_2.0/asymmetric_2.0.tree	outputs/asymmetric_2.0/s207.align.1.tree	26	205.594333604	716.88421
inputs/asymmetric_2.0/asymmetric_2.0.tree	outputs/asymmetric_2.0/s208.align.1.tree	24	205.663458529	717.12381
inputs/asymmetric_2.0/asymmetric_2.0.tree	outputs/asymmetric_2.0/s209.align.1.tree	22	205.870550364	717.53844
inputs/asymmetric_2.0/asymmetric_2.0.tree	outputs/asymmetric_2.0/s210.align.1.tree	26	205.548723997	716.82639
inputs/asymmetric_2.0/asymmetric_2.0.tree	outputs/asymmetric_2.0/s211.align.1.tree	20	205.842886539	717.18033
inputs/asymmetric_2.0/asymmetric_2.0.tree	outputs/asymmetric_2.0/s212.align.1.tree	22	205.719777684	716.94415
inputs/asymmetric_2.0/asymmetric_2.0.tree	outputs/asymmetric_2.0/s213.align.1.tree	18	205.76812574	716.83099
inputs/asymmetric_2.0/asymmetric_2.0.tree	outputs/asymmetric_2.0/s214.align.1.tree	24	205.725153398	716.90175
inputs/asymmetric_2.0/asymmetric_2.0.tree	outputs/asymmetric_2.0/s215.align.1.tree	26	205.68334896	717.02395
inputs/asymmetric_2.0/asymmetric_2.0.tree	outputs/asymmetric_2.0/s216.align.1.tree	26	205.779521412	717.33704
inputs/asymmetric_2.0/asymmetric_2.0.tree	outputs/asymmetric_2.0/s217.align.1.tree	20	205.741909748	716.68575
inputs/asymmetric_2.0/asymmetric_2.0.tree	outputs/asymmetric_2.0/s218.align.1.tree	20	205.746645334	717.13421
inputs/asymmetric_2.0/asymmetric_2.0.tree	outputs/asymmetric_2.0/s219.align.1.tree	20	205.727669258	716.99624
inputs/asymmetric_2.0/asymmetric_2.0.tree	outputs/asymmetric_2.0/s220.align.1.tree	22	205.797091124	717.54479
inputs/asymmetric_2.0/asymmetric_2.0.tree	outputs/asymmetric_2.0/s221.align.1.tree	22	205.7688446	716.91978
inputs/asymmetric_2.0/asymmetric_2.0.tree	outputs/asymmetric_2.0/s222.align.1.tree	22	205.558637638	716.32697
inputs/asymmetric_2.0/asymmetric_2.0.tree	outputs/asymmetric_2.0/s223.align.1.tree	22	205.843274333	717.47586
inputs/asymmetric_2.0/asymmetric_2.0.tree	outputs/asymmetric_2.0/s224.align.1.tree	20	205.786318074	717.11198
inputs/asymmetric_2.0/asymmetric_2.0.tree	outputs/asymmetric_2.0/s225.align.1.tree	24	205.662661846	716.54052
inputs/asymmetric_2.0/asymmetric_2.0.tree	outputs/asymmetric_2.0/s226.align.1.tree	20	205.673776112	716.65678
inputs/asymmetric_2.0/asymmetric_2.0.tree	outputs/asymmetric_2.0/s227.align.1.tree	22	205.750961384	717.02458
inputs/asymmetric_2.0/asymmetric_2.0.tree	outputs/asymmetric_2.0/s228.align.1.tree	26	205.714444091	717.271
inputs/asymmetric_2.0/asymmetric_2.0.tree	outputs/asymmetric_2.0/s229.align.1.tree	26	205.621225199	716.38262
inputs/asymmetric_2.0/asymmetric_2.0.tree	outputs/asymmetric_2.0/s230.align.1.tree	22	205.83842626	717.45004
inputs/asymmetric_2.0/asymmetric_2.0.tree	outputs/asymmetric_2.0/s231.align.1.tree	18	205.574847783	716.21163
inputs/asymmetric_2.0/asymmetric_2.0.tree	outputs/asymmetric_2.0/s232.align.1.tree	26	205.83423728	717.50449
inputs/asymmetric_2.0/asymmetric_2.0.tree	outputs/asymmetric_2.0/s233.align.1.tree	26	205.718795128	716.89403
inputs/asymmetric_2.0/asymmetric_2.0.tree	outputs/asymmetric_2.0/s234.align.1.tree	24	205.744717464	717.09018
inputs/asymmetric_2.0/asymmetric_2.0.tree	outputs/asymmetric_2.0/s235.align.1.tree	22	205.614548132	716.59293
inputs/asymmetric_2.0/asymmetric_2.0.tree	outputs/asymmetric_2.0/s236.align.1.tree	20	205.746167545	716.97462
inputs/asymmetric_2.0/asymmetric_2.0.tree	outputs/asymmetric_2.0/s237.align.1.tree	24	205.897489951	717.46104
inputs/asymmetric_2.0/asymmetric_2.0.tree	outputs/asymmetric_2.0/s238.align.1.tree	22	205.721049465	717.14599
inputs/asymmetric_2.0/asymmetric_2.0.tree	outputs/asymmetric_2.0/s239.align.1.tree	24	205.740249189	717.06456
inputs/asymmetric_2.0/asymmetric_2.0.tree	outputs/asymmetric_2.0/s240.align.1.tree	24	205.743094127	717.0373
inputs/asymmetric_2.0/asymmetric_2.0.tree	outputs/asymmetric_2.0/s241.align.1.tree	22	205.758540149	716.97022
inputs/asymmetric_2.0/asymmetric_2.0.tree	outputs/asymmetric_2.0/s242.align.1.tree	26	205.865101019	717.61199
inputs/asymmetric_2.0/asymmetric_2.0.tree	outputs/asymmetric_2.0/s243.align.1.tree	20	205.751935634	716.91982
inputs/asymmetric_2.0/asymmetric_2.0.tree	outputs/asymmetric_2.0/s244.align.1.tree	16	205.692115668	716.08433
inputs/asymmetric_2.0/asymmetric_2.0.tree	outputs/asymmetric_2.0/s245.align.1.tree	22	205.822227071	717.00037
inputs/asymmetric_2.0/asymmetric_2.0.tree	outputs/asymmetric_2.0/s246.align.1.tree	14	205.640427736	716.24311
inputs/asymmetric_2.0/asymmetric_2.0.tree	outputs/asymmetric_2.0/s247.align.1.tree	24	205.54052757	716.58111
inputs/asymmetric_2.0/asymmetric_2.0.tree	outputs/asymmetric_2.0/s248.align.1.tree	20	205.663362922	716.81111
inputs/asymmetric_2.0/asymmetric_2.0.tree	outputs/asymmetric_2.0/s249.align.1.tree	24	205.79803358	717.22246
inputs/asymmetric_2.0/asymmetric_2.0.tree	outputs/asymmetric_2.0/s250.align.1.tree	26	205.785269442	717.47455
inputs/asymmetric_2.0/asymmetric_2.0.tree	outputs/asymmetric_2.0/s251.align.1.tree	24	205.763437586	717.0219
inputs/asymmetric_2.0/asymmetric_2.0.tree	outputs/asymmetric_2.0/s252.align.1.tree	18	205.82389047	717.17624
inputs/asymmetric_2.0/asymmetric_2.0.tree	outputs/asymmetric_2.0/s253.align.1.tree	22	205.811747936	716.98749
inputs/asymmetric_2.0/asymmetric_2.0.tree	outputs/asymmetric_2.0/s254.align.1.tree	26	205.871526589	717.57571
inputs/asymmetric_2.0/asymmetric_2.0.tree	outputs/asymmetric_2.0/s255.align.1.tree	22	205.682933021	716.63827
inputs/asymmetric_2.0/asymmetric_2.0.tree	outputs/asymmetric_2.0/s256.align.1.tree	20	205.824579712	717.03465
inputs/asymmetric_2.0/asymmetric_2.0.tree	outputs/asymmetric_2.0/s257.align.1.tree	24	205.729444059	717.02987
inputs/asymmetric_2.0/asymmetric_2.0.tree	outputs/asymmetric_2.0/s258.align.1.tree	18	205.773367279	716.76138
inputs/asymmetric_2.0/asymmetric_2.0.tree	outputs/asymmetric_2.0/s259.align.1.tree	18	205.546205231	716.26233
inputs/asymmetric_2.0/asymmetric_2.0.tree	outputs/asymmetric_2.0/s260.align.1.tree	22	205.694529378	717.03737
inputs/asymmetric_2.0/asymmetric_2.0.tree	outputs/asymmetric_2.0/s261.align.1.tree	18	205.767788498	716.76817
inputs/asymmetric_2.0/asymmetric_2.0.tree	outputs/asymmetric_2.0/s262.align.1.tree	20	205.775011157	716.96154
inputs/asymmetric_2.0/asymmetric_2.0.tree	outputs/asymmetric_2.0/s263.align.1.tree	22	205.721973843	716.9314
inputs/asymmetric_2.0/asymmetric_2.0.tree	outputs/asymmetric_2.0/s264.align.1.tree	24	205.555744572	716.69471
inputs/asymmetric_2.0/asymmetric_2.0.tree	outputs/asymmetric_2.0/s265.align.1.tree	18	205.783192381	716.90945
inputs/asymmetric_2.0/asymmetric_2.0.tree	outputs/asymmetric_2.0/s266.align.1.tree	22	205.845503876	717.3168
inputs/asymmetric_2.0/asymmetric_2.0.tree	outputs/asymmetric_2.0/s267.align.1.tree	24	205.812933703	717.52676
inputs/asymmetric_2.0/asymmetric_2.0.tree	outputs/asymmetric_2.0/s268.align.1.tree	18	205.534732772	715.96926
inputs/asymmetric_2.0/asymmetric_2.0.tree	outputs/asymmetric_2.0/s269.align.1.tree	14	205.855720652	716.63379
inputs/asymmetric_2.0/asymmetric_2.0.tree	outputs/asymmetric_2.0/s270.align.1.tree	26	205.790868301	717.20591
inputs/asymmetric_2.0/asymmetric_2.0.tree	outputs/asymmetric_2.0/s271.align.1.tree	26	205.71411672	717.12849
inputs/asymmetric_2.0/asymmetric_2.0.tree	outputs/asymmetric_2.0/s272.align.1.tree	26	205.779803445	717.29988
inputs/asymmetric_2.0/asymmetric_2.0.tree	outputs/asymmetric_2.0/s273.align.1.tree	24	205.722517129	716.76684
inputs/asymmetric_2.0/asymmetric_2.0.tree	outputs/asymmetric_2.0/s274.align.1.tree	26	205.757573021	717.38384
inputs/asymmetric_2.0/asymmetric_2.0.tree	outputs/asymmetric_2.0/s275.align.1.tree	22	205.821323673	717.13458
inputs/asymmetric_2.0/asymmetric_2.0.tree	outputs/asymmetric_2.0/s276.align.1.tree	22	205.739900161	717.32265
inputs/asymmetric_2.0/asymmetric_2.0.tree	outputs/asymmetric_2.0/s277.align.1.tree	26	205.789863662	717.53964
inputs/asymmetric_2.0/asymmetric_2.0.tree	outputs/asymmetric_2.0/s278.align.1.tree	20	205.721825999	716.63293
inputs/asymmetric_2.0/asymmetric_2.0.tree	outputs/asymmetric_2.0/s279.align.1.tree	24	205.778465744	717.02672
inputs/asymmetric_2.0/asymmetric_2.0.tree	outputs/asymmetric_2.0/s280.align.1.tree	24	205.647892101	716.63219
inputs/asymmetric_2.0/asymmetric_2.0.tree	outputs/asymmetric_2.0/s281.align.1.tree	26	205.724775415	716.94846
inputs/asymmetric_2.0/asymmetric_2.0.tree	outputs/asymmetric_2.0/s282.align.1.tree	24	205.756879854	717.00189
inputs/asymmetric_2.0/asymmetric_2.0.tree	outputs/asymmetric_2.0/s283.align.1.tree	22	205.910589722	717.6361
inputs/asymmetric_2.0/asymmetric_2.0.tree	outputs/asymmetric_2.0/s284.align.1.tree	24	205.627731137	716.72453
inputs/asymmetric_2.0/asymmetric_2.0.tree	outputs/asymmetric_2.0/s285.align.1.tree	20	205.816985696	717.10094
inputs/asymmetric_2.0/asymmetric_2.0.tree	outputs/asymmetric_2.0/s286.align.1.tree	20	205.762382253	716.77594
inputs/asymmetric_2.0/asymmetric_2.0.tree	outputs/asymmetric_2.0/s287.align.1.tree	10	205.87554685	716.65627
inputs/asymmetric_2.0/asymmetric_2.0.tree	outputs/asymmetric_2.0/s288.align.1.tree	22	205.718789474	717.21564
inputs/asymmetric_2.0/asymmetric_2.0.tree	outputs/asymmetric_2.0/s289.align.1.tree	20	205.667453986	716.77815
inputs/asymmetric_2.0/asymmetric_2.0.tree	outputs/asymmetric_2.0/s290.align.1.tree	24	205.825652337	717.21937
inputs/asymmetric_2.0/asymmetric_2.0.tree	outputs/asymmetric_2.0/s291.align.1.tree	20	205.752054809	717.40503
inputs/asymmetric_2.0/asymmetric_2.0.tree	outputs/asymmetric_2.0/s292.align.1.tree	22	205.776561808	717.23771
inputs/asymmetric_2.0/asymmetric_2.0.tree	outputs/asymmetric_2.0/s293.align.1.tree	20	205.812747776	717.08032
inputs/asymmetric_2.0/asymmetric_2.0.tree	outputs/asymmetric_2.0/s294.align.1.tree	26	205.84479574	717.21481
inputs/asymmetric_2.0/asymmetric_2.0.tree	outputs/asymmetric_2.0/s295.align.1.tree	20	205.74052768	717.06841
inputs/asymmetric_2.0/asymmetric_2.0.tree	outputs/asymmetric_2.0/s296.align.1.tree	14	205.707280434	716.21968
inputs/asymmetric_2.0/asymmetric_2.0.tree	outputs/asymmetric_2.0/s297.align.1.tree	14	205.936134292	717.29252
inputs/asymmetric_2.0/asymmetric_2.0.tree	outputs/asymmetric_2.0/s298.align.1.tree	26	205.911924812	717.69837
inputs/asymmetric_2.0/asymmetric_2.0.tree	outputs/asymmetric_2.0/s299.align.1.tree	26	205.679538925	716.86258
inputs/asymmetric_2.0/asymmetric_2.0.tree	outputs/asymmetric_2.0/s300.align.1.tree	16	205.712424238	716.84295
